minted_identifier	source	source_id	source_label	locus_evidence_methods	curator	date	rationale	reference	expected_entry_version	expected_taxon_id	expected_genome_accession	expected_locus_from	expected_locus_to	expected_standard_inchi_key	expected_locus_evidence_methods	action
naturalproductmech:mibig-5209b855e4	MIBIG	BGC0000977	2-oxocyclopiazonic acid	Knock-out studies	codex	2026-09-29	DOI:10.1002/cbic.201000672 reports targeted cpaH inactivation in native Aspergillus oryzae and loss of 2-oxocyclopiazonic acid production; the evidence demonstrates the BGC0000977 locus.									REPLACE
naturalproductmech:mibig-83a1fc1265	MIBIG	BGC0000683	avermitilol	Enzymatic assays	codex	2026-09-30	PMID:20536237 reports in vitro incubation of recombinant Streptomyces avermitilis SAV_76 with farnesyl diphosphate to form avermitilol; the evidence demonstrates the BGC0000683 locus without upgrading the native producer claim.									REPLACE
naturalproductmech:mibig-0ea28266f1	MIBIG	BGC0001361	sodorifen	Enzymatic assays|Knock-out studies	codex	2026-10-01	DOI:10.1093/femsle/fnw139 reports native Serratia plymuthica 4Rx13 knockout evidence for SOD_c20760 and SOD_c20780, and DOI:10.1021/jacs.8b08510 reports in-vitro SodC/SodD reconstitution from farnesyl diphosphate to sodorifen; the evidence demonstrates the BGC0001361 locus and native producer claim.									REPLACE
naturalproductmech:mibig-69efeec0be	MIBIG	BGC0000653	pentalenolactone	Enzymatic assays|Knock-out studies	codex	2026-09-30	DOI:10.1021/ja111279h reports recombinant Streptomyces arenae PntM converting pentalenolactone F to pentalenolactone and native pntM deletion blocking pentalenolactone production; the evidence demonstrates the BGC0000653 locus and native producer claim.									REPLACE
naturalproductmech:mibig-b9324089ad	MIBIG	BGC0001345	myxochelin A	Enzymatic assays|In vitro expression	codex	2026-09-27	PMID:11562468 reconstitutes Stigmatella AF299336.1 MxcE/MxcF/MxcG-dependent myxochelin A formation in vitro; the evidence demonstrates this locus without upgrading the native producer claim.									REPLACE
naturalproductmech:mibig-9e6ff12f48	MIBIG	BGC0001746	pristinol	Enzymatic assays	codex	2026-09-30	PMID:27403888 characterizes Streptomyces pristinaespiralis ATCC 25486 pristinol synthase converting farnesyl diphosphate to pristinol; the evidence demonstrates the BGC0001746 locus without upgrading the native producer claim.									REPLACE
naturalproductmech:mibig-5d789927fa	MIBIG	BGC0000851	albonoursin	Heterologous expression	codex	2026-10-01	DOI:10.1016/S1074-5521(02)00285-5 reports a 3.8 kb Streptomyces noursei DNA fragment directing albonoursin biosynthesis in Streptomyces lividans; the evidence demonstrates the BGC0000851 locus without upgrading the native producer claim.									REPLACE
naturalproductmech:mibig-3f4d7c9236	MIBIG	BGC0001206	indolmycin	Enzymatic assays|Knock-out studies	codex	2026-10-01	DOI:10.1073/pnas.1419964112 reports native Streptomyces griseus subsp. griseus ATCC 12648 ind-cluster knockouts that abolish indolmycin production and in-vitro Ind7 methylation of N-demethylindolmycin to indolmycin; the evidence demonstrates the BGC0001206 locus and native producer claim.									REPLACE
naturalproductmech:mibig-d02aa1e8bc	MIBIG	BGC0000892	caryoynencin		codex	2026-10-06	MIBiG BGC0000892 version 4 assigns the experiments to Burkholderia caryophylli DSM50341 (KJ815051-KJ815060), not Burkholderia gladioli BSR3. Those experiments do not support experimental grades for the BSR3 CP002599.1 locus or its producer claim. Retain the original BSR3 source assertion without inferring homology-based prediction.	https://mibig.secondarymetabolites.org/repository/BGC0000892.4/index.html	4	NCBITaxon:999541	CP002599.1	2260844	2274030	GOOGOKNSXZDSND-QDCWQMMGSA-N	Knock-out studies|Gene expression correlated with compound production	WITHDRAW
