standard_inchi_key	target_name	target_organism	uniprot	measurement_type	measurement_value_nm	measurement_qualifier	ph	temperature_c	reference	curation_source
BEJNERDRQOWKJM-UHFFFAOYSA-N	Polyphenol oxidase 1	Agaricus bisporus	Q00024	IC50	16670	EQUAL	6.8000	25.00 C	PMID:20476840	Curated from the literature by BindingDB
BEJNERDRQOWKJM-UHFFFAOYSA-N	Polyphenol oxidase 1 [61-568]	Agaricus bisporus	Q00024	IC50	23600	EQUAL	6.8000		PMID:27669118	Curated from the literature by BindingDB
BEJNERDRQOWKJM-UHFFFAOYSA-N	Polyphenol oxidase 1 [N65D,S176D,K211T,P277A,P406L]	Agaricus bisporus var. bisporus (strain H97 / ATCC MYA-4626 / FGSC 10389)	Q00024	KI	12200	EQUAL	6.8000		PMID:26496408	Curated from the literature by BindingDB
BEJNERDRQOWKJM-UHFFFAOYSA-N	Polyphenol oxidase 2	Agaricus bisporus	O42713	IC50	12500	EQUAL		30.00 C	PMID:18608767	Curated from the literature by BindingDB
BEJNERDRQOWKJM-UHFFFAOYSA-N	Polyphenol oxidase 2	Agaricus bisporus	O42713	IC50	23000	EQUAL	6.8000	25.00 C	PMID:23461881	Curated from the literature by BindingDB
BEJNERDRQOWKJM-UHFFFAOYSA-N	Tyrosinase	Homo sapiens	P14679	IC50	16670	EQUAL	6.8000	37.00 C	PMID:16206837	Curated from the literature by BindingDB
BEJNERDRQOWKJM-UHFFFAOYSA-N	Uncharacterized protein YOR062C	Saccharomyces cerevisiae (strain ATCC 204508 / S288c)	P36025	IC50	19000	EQUAL	6.8000		PMID:25916324	Curated from the literature by BindingDB
DZTHIGRZJZPRDV-UHFFFAOYSA-N	Tryptophanase	Escherichia coli (strain K12)	P0A853	KI	4.8e+07	EQUAL	7.8000	25.00 C	PMID:18608755	Curated from the literature by BindingDB
FPVKHBSQESCIEP-JQCXWYLXSA-N	Adenosine deaminase	Streptomyces antibioticus		KI	2.1	EQUAL	7.2	30.00 C	PMID:28111097	Curated from the literature by BindingDB
FPVKHBSQESCIEP-JQCXWYLXSA-N	Adenosine deaminase	Streptomyces antibioticus		KI	1	EQUAL	7.2	30.00 C	PMID:28111097	Curated from the literature by BindingDB
FQXXSQDCDRQNQE-VMDGZTHMSA-N	Mas-related G-protein coupled receptor member X2	Human	Q96LB1	EC50	76000	EQUAL	7.4	30.00 C	PMID:28288109	Curated from the literature by BindingDB
FQXXSQDCDRQNQE-VMDGZTHMSA-N	Mas-related G-protein coupled receptor member X2	Human	Q96LB1	EC50	11000	EQUAL	7.4	30.00 C	PMID:28288109	Curated from the literature by BindingDB
FTVWIRXFELQLPI-UHFFFAOYSA-N	Aldehyde oxidase 1	Cavia porcellus	H9TB17	KI	148000	EQUAL	7.0000		PMID:26722818	Curated from the literature by BindingDB
FTVWIRXFELQLPI-UHFFFAOYSA-N	Aromatase	Homo sapiens	P11511	KI	0.00109662	EQUAL			PMID:22726671	Curated from the literature by BindingDB
FTVWIRXFELQLPI-UHFFFAOYSA-N	Carbonic anhydrase 1	Homo sapiens	P00915	KI	970	EQUAL	7.4000		PMID:22299585	Curated from the literature by BindingDB
FTVWIRXFELQLPI-UHFFFAOYSA-N	Carbonic anhydrase 2	Homo sapiens	P00918	KI	113	EQUAL	7.4000		PMID:22299585	Curated from the literature by BindingDB
FTVWIRXFELQLPI-UHFFFAOYSA-N	Carbonic anhydrase 3	Bos taurus	Q3SZX4	KI	2210	EQUAL	7.4000		PMID:22299585	Curated from the literature by BindingDB
FTVWIRXFELQLPI-UHFFFAOYSA-N	Carbonic anhydrase 4	Homo sapiens	P22748	KI	1120	EQUAL	7.4000		PMID:22299585	Curated from the literature by BindingDB
FTVWIRXFELQLPI-UHFFFAOYSA-N	Carbonic anhydrase 6	Homo sapiens	P23280	KI	1490	EQUAL	7.4000		PMID:22299585	Curated from the literature by BindingDB
FTVWIRXFELQLPI-UHFFFAOYSA-N	Estrogen receptor	Homo sapiens	P03372	IC50	72302	EQUAL	7.6000	22.00 C	PMID:17149865	Curated from the literature by BindingDB
FTVWIRXFELQLPI-UHFFFAOYSA-N	Estrogen receptor beta	Homo sapiens	Q92731	IC50	13473	EQUAL	7.6000	22.00 C	PMID:17149865	Curated from the literature by BindingDB
HKSZLNNOFSGOKW-UHFFFAOYSA-N	3-phosphoinositide-dependent protein kinase 1 [51-359]	Homo sapiens	O15530	IC50	6.5	EQUAL	7.5000	30.00 C	PMID:12892559	Curated from the literature by BindingDB
HKSZLNNOFSGOKW-UHFFFAOYSA-N	5'-AMP-activated protein kinase subunit beta-1/5'-AMP-activated protein kinase subunit gamma-1/Dual specificity protein kinase CLK2	Homo sapiens	P49760	IC50	1	LESS_THAN			PMID:20020776	Curated from the literature by BindingDB
HKSZLNNOFSGOKW-UHFFFAOYSA-N	Activin receptor type-1	Homo sapiens	Q04771	IC50	4531	EQUAL			PMID:20020776	Curated from the literature by BindingDB
HKSZLNNOFSGOKW-UHFFFAOYSA-N	Calcium-dependent protein kinase 1	Plasmodium falciparum (isolate K1 / Thailand)	P62343	IC50	240	EQUAL	7.5000	24.00 C	PMID:18454143	Curated from the literature by BindingDB
HKSZLNNOFSGOKW-UHFFFAOYSA-N	Cyclin-A2/Cyclin-dependent kinase 1	Homo sapiens	P06493	KI	1	EQUAL	7.4000	22.00 C	PMID:12244092	Curated from the literature by BindingDB
HKSZLNNOFSGOKW-UHFFFAOYSA-N	Cyclin-A2/Cyclin-dependent kinase 2	Homo sapiens	P24941	KI	2.9	EQUAL	7.4000	22.00 C	PMID:12244092	Curated from the literature by BindingDB
HKSZLNNOFSGOKW-UHFFFAOYSA-N	Cyclin-dependent kinase 4/G1/S-specific cyclin-D1	Homo sapiens	P11802	KI	41	EQUAL	7.5000	30.00 C	PMID:12244092	Curated from the literature by BindingDB
HKSZLNNOFSGOKW-UHFFFAOYSA-N	Cyclin-dependent kinase 4/G1/S-specific cyclin-D1	Homo sapiens	P11802	IC50	59	EQUAL	7.0000	22.00 C	PMID:12824014	Curated from the literature by BindingDB
HKSZLNNOFSGOKW-UHFFFAOYSA-N	Glycogen synthase kinase-3 beta	Homo sapiens	P49841	IC50	38	EQUAL			PMID:25711384	Curated from the literature by BindingDB
HKSZLNNOFSGOKW-UHFFFAOYSA-N	Glycogen synthase kinase-3 beta	Homo sapiens	P49841	IC50	60	EQUAL		30.00 C	PMID:26804375	Curated from the literature by BindingDB
HKSZLNNOFSGOKW-UHFFFAOYSA-N	Glycogen synthase kinase-3 beta	Homo sapiens	P49841	IC50	54	EQUAL			PMID:27454617	Curated from the literature by BindingDB
HKSZLNNOFSGOKW-UHFFFAOYSA-N	Macrophage colony-stimulating factor 1 receptor [538-678,753-922]	Homo sapiens	P07333	IC50	49	EQUAL	7.5000	22.00 C	PMID:17132625	Curated from the literature by BindingDB
HKSZLNNOFSGOKW-UHFFFAOYSA-N	Macrophage colony-stimulating factor 1 receptor [538-678,753-922]	Homo sapiens	P07333	IC50	57	EQUAL	7.5000	22.00 C	PMID:17132625	Curated from the literature by BindingDB
HKSZLNNOFSGOKW-UHFFFAOYSA-N	Macrophage colony-stimulating factor 1 receptor [538-972]		P07333	IC50	57	EQUAL	7.5000	22.00 C	PMID:17132625	Curated from the literature by BindingDB
HKSZLNNOFSGOKW-UHFFFAOYSA-N	Myosin light chain kinase, smooth muscle	Gallus gallus	P11799	IC50	10	EQUAL	7.2000	30.00 C	DOI:10.1016/0960-894X(94)00458-R	Curated from the literature by BindingDB
HKSZLNNOFSGOKW-UHFFFAOYSA-N	Phosphatidylinositol 4,5-bisphosphate 3-kinase catalytic subunit gamma isoform	Homo sapiens	P48736	KD	290	EQUAL	7.2000	20.00 C	PMID:11090628	Curated from the literature by BindingDB
HKSZLNNOFSGOKW-UHFFFAOYSA-N	Platelet-derived growth factor receptor beta	Homo sapiens	P09619	IC50	6.14	EQUAL			PMID:20020776	Curated from the literature by BindingDB
HKSZLNNOFSGOKW-UHFFFAOYSA-N	Protein kinase C beta type	Rattus norvegicus	P68403	IC50	9	EQUAL			DOI:10.1016/0960-894X(94)00458-R	Curated from the literature by BindingDB
HKSZLNNOFSGOKW-UHFFFAOYSA-N	Protein kinase C beta type	Rattus norvegicus	P68403	IC50	9	EQUAL	7.5000	30.00 C	PMID:1732526	Curated from the literature by BindingDB
HKSZLNNOFSGOKW-UHFFFAOYSA-N	Protein kinase C beta type	Rattus norvegicus	P68403	IC50	9	EQUAL	7.5000	30.00 C	PMID:8421286	Curated from the literature by BindingDB
HKSZLNNOFSGOKW-UHFFFAOYSA-N	Protein kinase C beta type	Rattus norvegicus	P68403	KI	19	EQUAL		30.00 C	PMID:9383464	Curated from the literature by BindingDB
HKSZLNNOFSGOKW-UHFFFAOYSA-N	Protein kinase C gamma type	Homo sapiens	P05129	IC50	6.6	EQUAL	7.4000	22.00 C	PMID:16413780	Curated from the literature by BindingDB
HKSZLNNOFSGOKW-UHFFFAOYSA-N	Protein kinase C zeta type	Homo sapiens	Q05513	IC50	570	EQUAL	7.4000	22.00 C	PMID:16413780	Curated from the literature by BindingDB
HKSZLNNOFSGOKW-UHFFFAOYSA-N	Proto-oncogene tyrosine-protein kinase Src	Gallus gallus	P00523	KD	8	EQUAL			PMID:19396179	Curated from the literature by BindingDB
HKSZLNNOFSGOKW-UHFFFAOYSA-N	RAC-alpha serine/threonine-protein kinase [139-480,S378A,S381A,T450D,S473D]	Homo sapiens	P31749	IC50	1.5	EQUAL	7.5000	22.00 C	PMID:16413780	Curated from the literature by BindingDB
HKSZLNNOFSGOKW-UHFFFAOYSA-N	RAC-beta serine/threonine-protein kinase	Homo sapiens	P31751	IC50	6.5	EQUAL	7.5000	22.00 C	PMID:16413780	Curated from the literature by BindingDB
HKSZLNNOFSGOKW-UHFFFAOYSA-N	RAC-gamma serine/threonine-protein kinase	Homo sapiens	Q9Y243	IC50	10	EQUAL	7.5000	22.00 C	PMID:16413780	Curated from the literature by BindingDB
HKSZLNNOFSGOKW-UHFFFAOYSA-N	Rho-associated protein kinase 2	Bos taurus	Q28021	IC50	1.2	EQUAL			PMID:16699172	Curated from the literature by BindingDB
HKSZLNNOFSGOKW-UHFFFAOYSA-N	Serine/threonine-protein kinase Chk1	Homo sapiens	O14757	KI	7.8	EQUAL	7.4000	37.00 C	PMID:12244092	Curated from the literature by BindingDB
HKSZLNNOFSGOKW-UHFFFAOYSA-N	Serine/threonine-protein kinase Chk2 [209-531,Q209M]	Homo sapiens	O96017	IC50	80	EQUAL	7.5000	30.00 C	PMID:17616632	Curated from the literature by BindingDB
HKSZLNNOFSGOKW-UHFFFAOYSA-N	Serine/threonine-protein kinase PLK1	Homo sapiens	P53350	KI	790	EQUAL	7.5000	22.00 C	PMID:17655330	Curated from the literature by BindingDB
HKSZLNNOFSGOKW-UHFFFAOYSA-N	Serine/threonine-protein kinase PLK2	Homo sapiens	Q9NYY3	KI	150	EQUAL			PMID:17655330	Curated from the literature by BindingDB
HKSZLNNOFSGOKW-UHFFFAOYSA-N	Serine/threonine-protein kinase PLK3	Homo sapiens	Q9H4B4	KI	1200	EQUAL			PMID:17655330	Curated from the literature by BindingDB
HKSZLNNOFSGOKW-UHFFFAOYSA-N	Serine/threonine-protein kinase PLK4	Homo sapiens	O00444	KI	2.6	EQUAL			PMID:17655330	Curated from the literature by BindingDB
HKSZLNNOFSGOKW-UHFFFAOYSA-N	Serine/threonine-protein kinase pim-1	Homo sapiens	P11309	IC50	10	EQUAL	7.6000	30.00 C	PMID:15657054	Curated from the literature by BindingDB
HKSZLNNOFSGOKW-UHFFFAOYSA-N	TGF-beta receptor type-1	Homo sapiens	P36897	IC50	10640	EQUAL			PMID:20020776	Curated from the literature by BindingDB
HKSZLNNOFSGOKW-UHFFFAOYSA-N	Tyrosine-protein kinase CSK	Homo sapiens	P41240	IC50	600	EQUAL	7.5000	25.00 C	PMID:24632506	Curated from the literature by BindingDB
HKSZLNNOFSGOKW-UHFFFAOYSA-N	Tyrosine-protein kinase ITK/TSK	Homo sapiens	Q08881	KI	10	LESS_THAN	8.0000	25.00 C	PMID:14766749	Curated from the literature by BindingDB
HKSZLNNOFSGOKW-UHFFFAOYSA-N	Tyrosine-protein kinase ITK/TSK	Homo sapiens	Q08881	KI	2.2	EQUAL	8.0000	25.00 C	PMID:14766749	Curated from the literature by BindingDB
HKSZLNNOFSGOKW-UHFFFAOYSA-N	Tyrosine-protein phosphatase non-receptor type 2	Mus musculus	P35233	IC50	400	EQUAL			DOI:10.1016/0960-894X(94)00458-R	Curated from the literature by BindingDB
HKSZLNNOFSGOKW-UHFFFAOYSA-N	Vascular endothelial growth factor receptor 2	Homo sapiens	P35968	IC50	3.29	EQUAL			PMID:20020776	Curated from the literature by BindingDB
HKSZLNNOFSGOKW-UHFFFAOYSA-N	cAMP-dependent protein kinase	Oryctolagus cuniculus		KI	35	EQUAL	7.5000		PMID:9383464	Curated from the literature by BindingDB
HKSZLNNOFSGOKW-UHFFFAOYSA-N	cAMP-dependent protein kinase catalytic subunit alpha	Bos taurus	P00517	IC50	40	EQUAL			DOI:10.1016/0960-894X(94)00458-R	Curated from the literature by BindingDB
HKSZLNNOFSGOKW-UHFFFAOYSA-N	cAMP-dependent protein kinase catalytic subunit alpha	Bos taurus	P00517	IC50	3.6	EQUAL	7.4000	22.00 C	PMID:16413780	Curated from the literature by BindingDB
HKSZLNNOFSGOKW-UHFFFAOYSA-N	cAMP-dependent protein kinase catalytic subunit alpha	Bos taurus	P00517	IC50	45	LESS_THAN	6.8000	25.00 C	PMID:16699172	Curated from the literature by BindingDB
HKSZLNNOFSGOKW-UHFFFAOYSA-N	cAMP-dependent protein kinase catalytic subunit alpha	Bos taurus	P00517	IC50	121	EQUAL	8.5000	37.00 C	PMID:8421286	Curated from the literature by BindingDB
HKSZLNNOFSGOKW-UHFFFAOYSA-N	cAMP-dependent protein kinase catalytic subunit alpha [E127D]	Bos taurus	P00517	IC50	45	LESS_THAN			PMID:16699172	Curated from the literature by BindingDB
HKSZLNNOFSGOKW-UHFFFAOYSA-N	cAMP-dependent protein kinase catalytic subunit alpha [L49I,Q181K,T183A]	Bos taurus	P00517	IC50	45	LESS_THAN			PMID:16699172	Curated from the literature by BindingDB
HKSZLNNOFSGOKW-UHFFFAOYSA-N	cAMP-dependent protein kinase catalytic subunit alpha [L49I,V123M,E127D,Q181K,T183A]	Bos taurus	P00517	IC50	45	LESS_THAN			PMID:16699172	Curated from the literature by BindingDB
HKSZLNNOFSGOKW-UHFFFAOYSA-N	cAMP-dependent protein kinase catalytic subunit alpha [L49I,V123M,Q181K,T183A]	Bos taurus	P00517	IC50	51	EQUAL			PMID:16699172	Curated from the literature by BindingDB
HKSZLNNOFSGOKW-UHFFFAOYSA-N	cAMP-dependent protein kinase catalytic subunit alpha [L49I]	Bos taurus	P00517	IC50	47	EQUAL	6.8000	25.00 C	PMID:16699172	Curated from the literature by BindingDB
HKSZLNNOFSGOKW-UHFFFAOYSA-N	cAMP-dependent protein kinase catalytic subunit alpha [Q181K,T183A]	Bos taurus	P00517	IC50	45	LESS_THAN			PMID:16699172	Curated from the literature by BindingDB
HKSZLNNOFSGOKW-UHFFFAOYSA-N	cAMP-dependent protein kinase catalytic subunit alpha [T183A]	Bos taurus	P00517	IC50	45	LESS_THAN			PMID:16699172	Curated from the literature by BindingDB
HKSZLNNOFSGOKW-UHFFFAOYSA-N	cAMP-dependent protein kinase catalytic subunit alpha [V123M,Q181K,T183A]	Bos taurus	P00517	IC50	45	LESS_THAN			PMID:16699172	Curated from the literature by BindingDB
HKSZLNNOFSGOKW-UHFFFAOYSA-N	cAMP-dependent protein kinase catalytic subunit alpha [V123M]	Bos taurus	P00517	IC50	45	LESS_THAN	6.8000	25.00 C	PMID:16699172	Curated from the literature by BindingDB
HKSZLNNOFSGOKW-UHFFFAOYSA-N	cGMP-dependent protein kinase 1	Bos taurus	P00516	IC50	18	EQUAL			DOI:10.1016/0960-894X(94)00458-R	Curated from the literature by BindingDB
IDBIFFKSXLYUOT-UHFFFAOYSA-N	DNA helicase [35-727]	Plasmodium falciparum		IC50	3100	EQUAL	8.0000	37.00 C	PMID:24707807	Curated from the literature by BindingDB
IDBIFFKSXLYUOT-UHFFFAOYSA-N	DNA helicase [35-727]	Plasmodium falciparum		IC50	4700	EQUAL	8.0000	37.00 C	PMID:24707807	Curated from the literature by BindingDB
IDBIFFKSXLYUOT-UHFFFAOYSA-N	Plasminogen	Homo sapiens	P00747	IC50	40000	EQUAL			PMID:20429779	Curated from the literature by BindingDB
IDBIFFKSXLYUOT-UHFFFAOYSA-N	Urokinase-type plasminogen activator	Homo sapiens	P00749	IC50	30000	EQUAL			PMID:20429779	Curated from the literature by BindingDB
QJQKBRUTBCTBKE-UHFFFAOYSA-N	UDP-N-acetylglucosamine 1-carboxyvinyltransferase	Escherichia coli (strain K12)	P0A749	KI	3400	EQUAL			PMID:24755374	Curated from the literature by BindingDB
QJQKBRUTBCTBKE-UHFFFAOYSA-N	UDP-N-acetylglucosamine 1-carboxyvinyltransferase 2	Staphylococcus aureus (strain Mu50 / ATCC 700699)	P65456	KI	3500	EQUAL			PMID:24755374	Curated from the literature by BindingDB
RHMXXJGYXNZAPX-UHFFFAOYSA-N	3-hydroxyacyl-[acyl-carrier-protein] dehydratase FabZ	Francisella tularensis		IC50	43100	EQUAL	7.0000	25.00 C	PMID:26818694	Curated from the literature by BindingDB
RHMXXJGYXNZAPX-UHFFFAOYSA-N	3-hydroxyacyl-[acyl-carrier-protein] dehydratase FabZ [1-175]	Yersinia pestis	B1JQH1	IC50	29700	EQUAL	7.0000	25.00 C	PMID:26818694	Curated from the literature by BindingDB
RHMXXJGYXNZAPX-UHFFFAOYSA-N	Casein kinase II subunit alpha	Zea mays	P28523	KI	1850	EQUAL	7.5000	22.00 C	PMID:12419810	Curated from the literature by BindingDB
RHMXXJGYXNZAPX-UHFFFAOYSA-N	Casein kinase II subunit alpha	Homo sapiens	P68400	KI	1850	EQUAL	7.5000	22.00 C	PMID:12816539	Curated from the literature by BindingDB
RHMXXJGYXNZAPX-UHFFFAOYSA-N	Procathepsin L	Homo sapiens	P07711	IC50	10000	EQUAL			PMID:32852058	Curated from the literature by BindingDB
RHMXXJGYXNZAPX-UHFFFAOYSA-N	Procathepsin L	Homo sapiens	P07711	EC50	200000	EQUAL			PMID:32852058	Curated from the literature by BindingDB
SWAWYMIKGOHZMR-UHFFFAOYSA-N	Protein kinase C beta type	Rattus norvegicus	P68403	IC50	100000	GREATER_THAN	7.5000	30.00 C	PMID:1732526	Curated from the literature by BindingDB
SWAWYMIKGOHZMR-UHFFFAOYSA-N	cAMP-dependent protein kinase catalytic subunit alpha	Bos taurus	P00517	IC50	50000	GREATER_THAN	7.4000	30.00 C	PMID:1874734	Curated from the literature by BindingDB
UIFFUZWRFRDZJC-UHFFFAOYSA-N	Cytochrome b	Candida albicans		IC50	5	EQUAL	7.4000	25.00 C	PMID:27524297	Curated from the literature by BindingDB
UIFFUZWRFRDZJC-UHFFFAOYSA-N	Cytochrome b	Homo sapiens	P00156	IC50	7	EQUAL	7.4000	25.00 C	PMID:27524297	Curated from the literature by BindingDB
WYZWZEOGROVVHK-UHFFFAOYSA-N	ATP-dependent molecular chaperone HSP82	Saccharomyces cerevisiae (strain ATCC 204508 / S288c)	P02829	IC50	200	LESS_THAN	7.4000	37.00 C	PMID:15217611	Curated from the literature by BindingDB
WYZWZEOGROVVHK-UHFFFAOYSA-N	ATP-dependent molecular chaperone HSP82	Saccharomyces cerevisiae (strain ATCC 204508 / S288c)	P02829	IC50	200	EQUAL			PMID:17114002	Curated from the literature by BindingDB
WYZWZEOGROVVHK-UHFFFAOYSA-N	ATP-dependent molecular chaperone HSP82	Saccharomyces cerevisiae (strain ATCC 204508 / S288c)	P02829	IC50	47	EQUAL			PMID:17114002	Curated from the literature by BindingDB
WYZWZEOGROVVHK-UHFFFAOYSA-N	ATP-dependent molecular chaperone HSP82	Saccharomyces cerevisiae (strain ATCC 204508 / S288c)	P02829	IC50	30	EQUAL			PMID:17114002	Curated from the literature by BindingDB
WYZWZEOGROVVHK-UHFFFAOYSA-N	Heat shock protein HSP 90-alpha [1-236]	Homo sapiens	P07900	KD	46.3	EQUAL	7.5000	15.00 C	PMID:24356970	Curated from the literature by BindingDB
WYZWZEOGROVVHK-UHFFFAOYSA-N	Heat shock protein HSP 90-beta	Homo sapiens	P08238	IC50	150	EQUAL	7.4000	22.00 C	PMID:15974572	Curated from the literature by BindingDB
WYZWZEOGROVVHK-UHFFFAOYSA-N	Heat shock protein HSP 90-beta	Homo sapiens	P08238	IC50	150	EQUAL	7.4000	22.00 C	PMID:16202589	Curated from the literature by BindingDB
WYZWZEOGROVVHK-UHFFFAOYSA-N	[Pyruvate dehydrogenase (acetyl-transferring)] kinase isozyme 2, mitochondrial	Homo sapiens	Q15119	IC50	77800	EQUAL	7.5000	25.00 C	PMID:24356970	Curated from the literature by BindingDB
WYZWZEOGROVVHK-UHFFFAOYSA-N	[Pyruvate dehydrogenase (acetyl-transferring)] kinase isozyme 2, mitochondrial	Homo sapiens	Q15119	KD	18600	EQUAL	7.5000	15.00 C	PMID:24356970	Curated from the literature by BindingDB
YVSQVYZBDXIXCC-UHFFFAOYSA-N	ATP-dependent DNA helicase DinG	Escherichia coli (strain K12)	P27296	IC50	1.5	EQUAL	8		PMID:23935105	Curated from the literature by BindingDB
YVSQVYZBDXIXCC-UHFFFAOYSA-N	ATP-dependent DNA helicase DinG	Escherichia coli (strain K12)	P27296	IC50	1	EQUAL	8		PMID:23935105	Curated from the literature by BindingDB
YVSQVYZBDXIXCC-UHFFFAOYSA-N	Fanconi anemia group J protein	Human	Q9BX63	IC50	2.2	EQUAL	8		PMID:23935105	Curated from the literature by BindingDB
YVSQVYZBDXIXCC-UHFFFAOYSA-N	Fanconi anemia group J protein	Human	Q9BX63	IC50	1.9	EQUAL	8		PMID:23935105	Curated from the literature by BindingDB
YVSQVYZBDXIXCC-UHFFFAOYSA-N	Fanconi anemia group J protein	Human	Q9BX63	IC50	2	EQUAL	8		PMID:23935105	Curated from the literature by BindingDB
ZRJBHWIHUMBLCN-UHFFFAOYSA-N	Acetylcholinesterase	Homo sapiens	P22303	IC50	47	EQUAL	8.0000	37.00 C	PMID:12166941	Curated from the literature by BindingDB
ZRJBHWIHUMBLCN-UHFFFAOYSA-N	Acetylcholinesterase	Tetronarce californica	P04058	KI	175	EQUAL	7.0000	25.00 C	PMID:12196020	Curated from the literature by BindingDB
ZRJBHWIHUMBLCN-UHFFFAOYSA-N	Acetylcholinesterase	Tetronarce californica	P04058	KI	4300	EQUAL	7.0000	25.00 C	PMID:12196020	Curated from the literature by BindingDB
ZRJBHWIHUMBLCN-UHFFFAOYSA-N	Acetylcholinesterase	Tetronarce californica	P04058	KI	175	EQUAL	7.0000	22.00 C	PMID:12517147	Curated from the literature by BindingDB
ZRJBHWIHUMBLCN-UHFFFAOYSA-N	Acetylcholinesterase	Rattus norvegicus	P37136	KI	47.1	EQUAL	7.0000	22.00 C	PMID:12517147	Curated from the literature by BindingDB
ZRJBHWIHUMBLCN-UHFFFAOYSA-N	Acetylcholinesterase	Rattus norvegicus	P37136	IC50	72.4	EQUAL	7.4000	37.00 C	PMID:15689148	Curated from the literature by BindingDB
ZRJBHWIHUMBLCN-UHFFFAOYSA-N	Acetylcholinesterase	Homo sapiens	P22303	IC50	260	EQUAL	8.0000	25.00 C	PMID:15771413	Curated from the literature by BindingDB
ZRJBHWIHUMBLCN-UHFFFAOYSA-N	Acetylcholinesterase	Homo sapiens	P22303	IC50	47	EQUAL			PMID:16570913	Curated from the literature by BindingDB
ZRJBHWIHUMBLCN-UHFFFAOYSA-N	Acetylcholinesterase	Homo sapiens	P22303	KI	47	EQUAL	8.0000	25.00 C	PMID:16722663	Curated from the literature by BindingDB
ZRJBHWIHUMBLCN-UHFFFAOYSA-N	Acetylcholinesterase	Homo sapiens	P22303	KI	4.6	EQUAL	7.0000	25.00 C	PMID:24040835	Curated from the literature by BindingDB
ZRJBHWIHUMBLCN-UHFFFAOYSA-N	Acetylcholinesterase	Homo sapiens	P22303	IC50	647.6	EQUAL	8.0000		PMID:27479541	Curated from the literature by BindingDB
ZRJBHWIHUMBLCN-UHFFFAOYSA-N	Carboxylic ester hydrolase	Rattus norvegicus		IC50	70200	EQUAL	7.4000	37.00 C	PMID:15689148	Curated from the literature by BindingDB
ZRJBHWIHUMBLCN-UHFFFAOYSA-N	Cholinesterase	Homo sapiens	P06276	IC50	10000	GREATER_THAN			PMID:12166941	Curated from the literature by BindingDB
ZRJBHWIHUMBLCN-UHFFFAOYSA-N	Cholinesterase	Homo sapiens	P06276	IC50	10000	GREATER_THAN			PMID:15771413	Curated from the literature by BindingDB
ZRJBHWIHUMBLCN-UHFFFAOYSA-N	Cholinesterase	Homo sapiens	P06276	IC50	10000	GREATER_THAN			PMID:16570913	Curated from the literature by BindingDB
ZRJBHWIHUMBLCN-UHFFFAOYSA-N	Cholinesterase	Homo sapiens	P06276	KI	1000	GREATER_THAN	8.0000	25.00 C	PMID:16722663	Curated from the literature by BindingDB
