old_taxon_id	new_taxon_id	requested_by
NCBITaxon:57	NCBITaxon:3409587	chebi_origins
NCBITaxon:330	NCBITaxon:301	lotus
NCBITaxon:706	NCBITaxon:28171	chebi_origins
NCBITaxon:746	NCBITaxon:75985	chebi_origins
NCBITaxon:1172	NCBITaxon:264691	lotus
NCBITaxon:1900	NCBITaxon:1961	lotus
NCBITaxon:2832	NCBITaxon:2081491	lotus
NCBITaxon:3203	NCBITaxon:463575	chebi_origins
NCBITaxon:3887	NCBITaxon:3853	lotus
NCBITaxon:4171	NCBITaxon:46034	chebi_origins
NCBITaxon:4790	NCBITaxon:4792	chebi_origins,lotus
NCBITaxon:5043	NCBITaxon:159075	lotus
NCBITaxon:5045	NCBITaxon:2046025	chebi_origins
NCBITaxon:5071	NCBITaxon:5052	lotus
NCBITaxon:5106	NCBITaxon:1036719	lotus
NCBITaxon:5306	NCBITaxon:2822231	chebi_origins
NCBITaxon:5380	NCBITaxon:85973	lotus
NCBITaxon:5421	NCBITaxon:264483	lotus
NCBITaxon:5456	NCBITaxon:5467	lotus
NCBITaxon:5532	NCBITaxon:1859699	chebi_origins,lotus
NCBITaxon:5749	NCBITaxon:2511165	lotus
NCBITaxon:6071	NCBITaxon:3292564	chebi_origins,lotus
NCBITaxon:6530	NCBITaxon:2315439	lotus
NCBITaxon:8401	NCBITaxon:45623	lotus
NCBITaxon:10044	NCBITaxon:3774379	chebi_origins
NCBITaxon:13007	NCBITaxon:146543	chebi_origins,lotus
NCBITaxon:13349	NCBITaxon:2813651	chebi_origins,lotus
NCBITaxon:13481	NCBITaxon:2775048	lotus
NCBITaxon:15958	NCBITaxon:40552	lotus
NCBITaxon:16614	NCBITaxon:4335	lotus
NCBITaxon:23810	NCBITaxon:2768810	chebi_origins
NCBITaxon:27314	NCBITaxon:43987	lotus
NCBITaxon:28519	NCBITaxon:2726413	lotus
NCBITaxon:28575	NCBITaxon:1266744	chebi_origins
NCBITaxon:29570	NCBITaxon:77097	lotus
NCBITaxon:29728	NCBITaxon:2982281	lotus
NCBITaxon:33009	NCBITaxon:67345	lotus
NCBITaxon:33177	NCBITaxon:119933	lotus
NCBITaxon:33619	NCBITaxon:704177	lotus
NCBITaxon:34223	NCBITaxon:3002920	lotus
NCBITaxon:34467	NCBITaxon:2075311	chebi_origins,lotus
NCBITaxon:34468	NCBITaxon:1001332	chebi_origins,lotus
NCBITaxon:34647	NCBITaxon:1879292	chebi_origins
NCBITaxon:35183	NCBITaxon:2765380	lotus
NCBITaxon:35758	NCBITaxon:67581	lotus
NCBITaxon:37480	NCBITaxon:67362	chebi_origins,lotus
NCBITaxon:38483	NCBITaxon:1436886	lotus
NCBITaxon:39866	NCBITaxon:269079	lotus
NCBITaxon:40263	NCBITaxon:2082540	lotus
NCBITaxon:40433	NCBITaxon:2028083	chebi_origins,lotus
NCBITaxon:40474	NCBITaxon:108904	lotus
NCBITaxon:40620	NCBITaxon:5506	lotus
NCBITaxon:41409	NCBITaxon:1405805	chebi_origins
NCBITaxon:41465	NCBITaxon:362626	chebi_origins
NCBITaxon:41504	NCBITaxon:2950952	lotus
NCBITaxon:41717	NCBITaxon:5052	chebi_origins
NCBITaxon:41728	NCBITaxon:1810909	lotus
NCBITaxon:43357	NCBITaxon:47990	chebi_origins,lotus
NCBITaxon:44095	NCBITaxon:419781	lotus
NCBITaxon:45276	NCBITaxon:2710536	lotus
NCBITaxon:45996	NCBITaxon:264951	chebi_origins
NCBITaxon:46399	NCBITaxon:228393	chebi_origins
NCBITaxon:47257	NCBITaxon:97331	lotus
NCBITaxon:47358	NCBITaxon:304759	chebi_origins
NCBITaxon:47431	NCBITaxon:1929756	chebi_origins,lotus
NCBITaxon:47657	NCBITaxon:3064095	chebi_origins,lotus
NCBITaxon:47794	NCBITaxon:1934371	chebi_origins
NCBITaxon:47967	NCBITaxon:2099523	lotus
NCBITaxon:48038	NCBITaxon:2849586	chebi_origins
NCBITaxon:48122	NCBITaxon:149639	chebi_origins
NCBITaxon:49555	NCBITaxon:3420723	chebi_origins
NCBITaxon:50328	NCBITaxon:872793	lotus
NCBITaxon:50340	NCBITaxon:53407	chebi_origins,lotus
NCBITaxon:51936	NCBITaxon:324740	lotus
NCBITaxon:52970	NCBITaxon:3034	lotus
NCBITaxon:53027	NCBITaxon:3062406	lotus
NCBITaxon:53029	NCBITaxon:2729092	lotus
NCBITaxon:53715	NCBITaxon:2912032	lotus
NCBITaxon:57198	NCBITaxon:2170348	chebi_origins,lotus
NCBITaxon:59021	NCBITaxon:1824555	lotus
NCBITaxon:61267	NCBITaxon:1538424	lotus
NCBITaxon:62754	NCBITaxon:62758	lotus
NCBITaxon:62969	NCBITaxon:1859971	lotus
NCBITaxon:62993	NCBITaxon:2836823	chebi_origins
NCBITaxon:62994	NCBITaxon:2836824	lotus
NCBITaxon:63215	NCBITaxon:138065	lotus
NCBITaxon:63219	NCBITaxon:173185	lotus
NCBITaxon:64608	NCBITaxon:1593264	lotus
NCBITaxon:64634	NCBITaxon:1860054	lotus
NCBITaxon:64635	NCBITaxon:2741558	chebi_origins
NCBITaxon:65404	NCBITaxon:173545	chebi_origins,lotus
NCBITaxon:65497	NCBITaxon:2893586	chebi_origins,lotus
NCBITaxon:65714	NCBITaxon:2137817	lotus
NCBITaxon:66686	NCBITaxon:2499693	lotus
NCBITaxon:66889	NCBITaxon:28893	chebi_origins,lotus
NCBITaxon:67281	NCBITaxon:67351	lotus
NCBITaxon:67295	NCBITaxon:1911	lotus
NCBITaxon:67300	NCBITaxon:1888	lotus
NCBITaxon:67328	NCBITaxon:67384	lotus
NCBITaxon:67334	NCBITaxon:67367	chebi_origins,lotus
NCBITaxon:67349	NCBITaxon:1894	lotus
NCBITaxon:68043	NCBITaxon:1920	lotus
NCBITaxon:68172	NCBITaxon:67303	lotus,mibig
NCBITaxon:68178	NCBITaxon:1894	lotus
NCBITaxon:68189	NCBITaxon:68174	lotus
NCBITaxon:68202	NCBITaxon:1919	chebi_origins,lotus
NCBITaxon:68570	NCBITaxon:1971	lotus
NCBITaxon:69343	NCBITaxon:1658599	lotus
NCBITaxon:69406	NCBITaxon:41486	chebi_origins
NCBITaxon:70216	NCBITaxon:3143427	lotus
NCBITaxon:70342	NCBITaxon:2740835	chebi_origins
NCBITaxon:72168	NCBITaxon:3103836	lotus
NCBITaxon:73828	NCBITaxon:3024264	lotus
NCBITaxon:74371	NCBITaxon:2561917	lotus
NCBITaxon:74465	NCBITaxon:2771340	chebi_origins,lotus
NCBITaxon:75549	NCBITaxon:1194566	lotus
NCBITaxon:76756	NCBITaxon:113559	chebi_origins,lotus
NCBITaxon:78589	NCBITaxon:610258	lotus
NCBITaxon:79816	NCBITaxon:1934379	chebi_origins
NCBITaxon:81037	NCBITaxon:77608	lotus
NCBITaxon:82078	NCBITaxon:63405	lotus
NCBITaxon:82737	NCBITaxon:2807146	lotus
NCBITaxon:83383	NCBITaxon:67370	lotus
NCBITaxon:83514	NCBITaxon:1500860	lotus
NCBITaxon:84029	NCBITaxon:36839	lotus
NCBITaxon:84593	NCBITaxon:1873	chebi_origins,lotus
NCBITaxon:85080	NCBITaxon:2819903	lotus
NCBITaxon:85838	NCBITaxon:2163920	lotus
NCBITaxon:85884	NCBITaxon:2945705	lotus
NCBITaxon:85974	NCBITaxon:2655010	chebi_origins
NCBITaxon:86064	NCBITaxon:3681102	lotus
NCBITaxon:86706	NCBITaxon:2706154	lotus
NCBITaxon:87299	NCBITaxon:81056	chebi_origins
NCBITaxon:90406	NCBITaxon:1972712	lotus
NCBITaxon:91099	NCBITaxon:2338865	lotus
NCBITaxon:93153	NCBITaxon:2654838	lotus
NCBITaxon:93596	NCBITaxon:796314	lotus
NCBITaxon:94999	NCBITaxon:3446125	chebi_origins
NCBITaxon:97146	NCBITaxon:2823494	lotus
NCBITaxon:98287	NCBITaxon:1903275	lotus
NCBITaxon:98347	NCBITaxon:71963	lotus
NCBITaxon:98779	NCBITaxon:139123	chebi_origins
NCBITaxon:99905	NCBITaxon:1413812	chebi_origins
NCBITaxon:100031	NCBITaxon:2153283	lotus
NCBITaxon:104895	NCBITaxon:3681166	lotus
NCBITaxon:105184	NCBITaxon:3681044	lotus
NCBITaxon:106551	NCBITaxon:2980405	lotus
NCBITaxon:108923	NCBITaxon:2219008	chebi_origins,lotus
NCBITaxon:108943	NCBITaxon:640397	lotus
NCBITaxon:110149	NCBITaxon:2074842	chebi_origins
NCBITaxon:112239	NCBITaxon:2018440	lotus
NCBITaxon:113609	NCBITaxon:2587388	lotus
NCBITaxon:114700	NCBITaxon:114699	mibig
NCBITaxon:117020	NCBITaxon:2909142	lotus
NCBITaxon:117507	NCBITaxon:1849970	lotus
NCBITaxon:117524	NCBITaxon:91053	lotus
NCBITaxon:117550	NCBITaxon:1928361	lotus
NCBITaxon:118898	NCBITaxon:1680166	lotus
NCBITaxon:118899	NCBITaxon:1680167	lotus
NCBITaxon:119178	NCBITaxon:2806850	lotus
NCBITaxon:121482	NCBITaxon:121481	lotus
NCBITaxon:121497	NCBITaxon:1162793	lotus
NCBITaxon:128386	NCBITaxon:1826755	lotus
NCBITaxon:129507	NCBITaxon:1986327	lotus
NCBITaxon:130183	NCBITaxon:2714023	lotus
NCBITaxon:130257	NCBITaxon:2576591	lotus
NCBITaxon:132102	NCBITaxon:1659837	chebi_origins
NCBITaxon:133239	NCBITaxon:1155244	lotus
NCBITaxon:134914	NCBITaxon:1898705	lotus
NCBITaxon:134915	NCBITaxon:1898706	chebi_origins
NCBITaxon:135489	NCBITaxon:3681172	lotus
NCBITaxon:135650	NCBITaxon:2718965	chebi_origins,lotus
NCBITaxon:136212	NCBITaxon:136216	lotus
NCBITaxon:136720	NCBITaxon:13503	lotus
NCBITaxon:139088	NCBITaxon:230807	lotus
NCBITaxon:139420	NCBITaxon:2498619	lotus
NCBITaxon:139434	NCBITaxon:2057570	chebi_origins
NCBITaxon:139763	NCBITaxon:2607178	lotus
NCBITaxon:139766	NCBITaxon:2607118	lotus
NCBITaxon:140560	NCBITaxon:1736665	chebi_origins
NCBITaxon:140663	NCBITaxon:2854737	lotus
NCBITaxon:142672	NCBITaxon:281305	chebi_origins
NCBITaxon:143204	NCBITaxon:2491249	lotus
NCBITaxon:143883	NCBITaxon:281306	lotus
NCBITaxon:146301	NCBITaxon:2016030	lotus
NCBITaxon:146429	NCBITaxon:1697123	lotus
NCBITaxon:150783	NCBITaxon:2100787	lotus
NCBITaxon:151252	NCBITaxon:3139248	lotus
NCBITaxon:153480	NCBITaxon:2086684	chebi_origins,lotus
NCBITaxon:154422	NCBITaxon:83431	lotus
NCBITaxon:154614	NCBITaxon:2596653	lotus
NCBITaxon:154651	NCBITaxon:2773500	lotus
NCBITaxon:155018	NCBITaxon:2777731	chebi_origins,lotus
NCBITaxon:155247	NCBITaxon:1391944	chebi_origins
NCBITaxon:155871	NCBITaxon:1934393	chebi_origins
NCBITaxon:155873	NCBITaxon:2587399	chebi_origins
NCBITaxon:155874	NCBITaxon:1934356	chebi_origins
NCBITaxon:155879	NCBITaxon:1934362	lotus
NCBITaxon:157706	NCBITaxon:3151107	chebi_origins,lotus
NCBITaxon:158218	NCBITaxon:3104593	lotus
NCBITaxon:159059	NCBITaxon:2901850	chebi_origins,lotus
NCBITaxon:159068	NCBITaxon:2839963	lotus
NCBITaxon:159594	NCBITaxon:99899	lotus
NCBITaxon:159756	NCBITaxon:2724436	lotus
NCBITaxon:161097	NCBITaxon:89585	lotus
NCBITaxon:165034	NCBITaxon:1437855	chebi_origins
NCBITaxon:165306	NCBITaxon:2769828	lotus
NCBITaxon:165681	NCBITaxon:79044	chebi_origins
NCBITaxon:168365	NCBITaxon:2918407	lotus
NCBITaxon:168712	NCBITaxon:2747904	chebi_origins
NCBITaxon:169181	NCBITaxon:2986133	chebi_origins,lotus
NCBITaxon:169279	NCBITaxon:23413	lotus
NCBITaxon:169753	NCBITaxon:417009	chebi_origins
NCBITaxon:169768	NCBITaxon:2748384	chebi_origins,lotus
NCBITaxon:170025	NCBITaxon:170017	lotus
NCBITaxon:170219	NCBITaxon:1496138	chebi_origins
NCBITaxon:170990	NCBITaxon:2706	lotus
NCBITaxon:172191	NCBITaxon:1904831	chebi_origins
NCBITaxon:172969	NCBITaxon:2510791	lotus
NCBITaxon:172984	NCBITaxon:2025844	chebi_origins
NCBITaxon:173541	NCBITaxon:2813661	lotus
NCBITaxon:174078	NCBITaxon:195790	lotus
NCBITaxon:175771	NCBITaxon:3122430	lotus
NCBITaxon:176162	NCBITaxon:176177	lotus
NCBITaxon:176358	NCBITaxon:2493800	lotus
NCBITaxon:176461	NCBITaxon:908477	lotus
NCBITaxon:176467	NCBITaxon:2497363	chebi_origins
NCBITaxon:178516	NCBITaxon:1336945	chebi_origins
NCBITaxon:178525	NCBITaxon:2780567	chebi_origins,lotus
NCBITaxon:178529	NCBITaxon:1603060	chebi_origins,lotus
NCBITaxon:178763	NCBITaxon:2818487	lotus
NCBITaxon:180120	NCBITaxon:2990930	lotus
NCBITaxon:180560	NCBITaxon:626364	lotus
NCBITaxon:181766	NCBITaxon:2744539	chebi_origins
NCBITaxon:181873	NCBITaxon:71684	lotus
NCBITaxon:182080	NCBITaxon:46161	mibig
NCBITaxon:183231	NCBITaxon:1663613	chebi_origins
NCBITaxon:183483	NCBITaxon:142615	lotus
NCBITaxon:184394	NCBITaxon:2896553	lotus
NCBITaxon:184630	NCBITaxon:347875	lotus
NCBITaxon:184875	NCBITaxon:5095	chebi_origins
NCBITaxon:185768	NCBITaxon:77620	lotus
NCBITaxon:186125	NCBITaxon:2870670	lotus
NCBITaxon:186520	NCBITaxon:2906878	chebi_origins,lotus
NCBITaxon:189445	NCBITaxon:2894057	lotus
NCBITaxon:192817	NCBITaxon:1934353	chebi_origins
NCBITaxon:193307	NCBITaxon:106570	lotus
NCBITaxon:194889	NCBITaxon:126678	lotus
NCBITaxon:195117	NCBITaxon:3138698	lotus
NCBITaxon:196114	NCBITaxon:2696576	chebi_origins,lotus
NCBITaxon:196683	NCBITaxon:2028451	lotus
NCBITaxon:197596	NCBITaxon:3986	lotus
NCBITaxon:197831	NCBITaxon:223169	lotus
NCBITaxon:199127	NCBITaxon:48872	lotus
NCBITaxon:199218	NCBITaxon:1419728	lotus
NCBITaxon:203661	NCBITaxon:1755700	lotus
NCBITaxon:203721	NCBITaxon:1533279	lotus
NCBITaxon:204377	NCBITaxon:1352039	chebi_origins
NCBITaxon:204815	NCBITaxon:433688	lotus
NCBITaxon:205783	NCBITaxon:2925186	lotus
NCBITaxon:206677	NCBITaxon:270617	lotus
NCBITaxon:209142	NCBITaxon:1340007	lotus
NCBITaxon:209145	NCBITaxon:1339972	lotus
NCBITaxon:213401	NCBITaxon:54731	lotus
NCBITaxon:213632	NCBITaxon:3158555	chebi_origins,mibig
NCBITaxon:217300	NCBITaxon:693315	chebi_origins
NCBITaxon:220799	NCBITaxon:1144692	chebi_origins
NCBITaxon:222511	NCBITaxon:2566060	lotus
NCBITaxon:224695	NCBITaxon:2607214	lotus
NCBITaxon:227045	NCBITaxon:37940	lotus
NCBITaxon:237151	NCBITaxon:3290687	chebi_origins
NCBITaxon:237631	NCBITaxon:5270	mibig
NCBITaxon:243805	NCBITaxon:2741401	lotus
NCBITaxon:246711	NCBITaxon:1905021	lotus
NCBITaxon:247908	NCBITaxon:2816372	lotus
NCBITaxon:252548	NCBITaxon:674295	lotus
NCBITaxon:253215	NCBITaxon:2775156	lotus
NCBITaxon:253747	NCBITaxon:126675	chebi_origins
NCBITaxon:253763	NCBITaxon:272675	lotus
NCBITaxon:255780	NCBITaxon:5052	chebi_origins,lotus
NCBITaxon:255781	NCBITaxon:1884262	lotus
NCBITaxon:257541	NCBITaxon:3740757	lotus
NCBITaxon:257814	NCBITaxon:2608709	lotus
NCBITaxon:259302	NCBITaxon:206448	chebi_origins,lotus
NCBITaxon:261702	NCBITaxon:314040	chebi_origins,lotus
NCBITaxon:262756	NCBITaxon:36012	lotus
NCBITaxon:263241	NCBITaxon:2806839	lotus
NCBITaxon:264192	NCBITaxon:2919360	chebi_origins,lotus
NCBITaxon:268114	NCBITaxon:77561	lotus
NCBITaxon:271456	NCBITaxon:2824907	lotus
NCBITaxon:271752	NCBITaxon:3046148	lotus
NCBITaxon:279009	NCBITaxon:2696576	chebi_origins,lotus
NCBITaxon:282935	NCBITaxon:1087051	chebi_origins
NCBITaxon:285112	NCBITaxon:162410	chebi_origins,lotus
NCBITaxon:285533	NCBITaxon:68042	lotus
NCBITaxon:285570	NCBITaxon:67282	chebi_origins,lotus
NCBITaxon:285843	NCBITaxon:2769829	lotus
NCBITaxon:285844	NCBITaxon:2769830	lotus
NCBITaxon:286065	NCBITaxon:130373	lotus
NCBITaxon:287904	NCBITaxon:3285840	lotus
NCBITaxon:291364	NCBITaxon:2231603	chebi_origins
NCBITaxon:297534	NCBITaxon:2488646	lotus
NCBITaxon:300020	NCBITaxon:33918	chebi_origins,lotus
NCBITaxon:301888	NCBITaxon:3286417	lotus
NCBITaxon:306521	NCBITaxon:3150566	lotus
NCBITaxon:312444	NCBITaxon:2780144	lotus
NCBITaxon:314325	NCBITaxon:1573923	lotus
NCBITaxon:318857	NCBITaxon:2137241	lotus
NCBITaxon:320357	NCBITaxon:542673	lotus
NCBITaxon:326618	NCBITaxon:1955267	chebi_origins,lotus
NCBITaxon:326621	NCBITaxon:1955266	lotus
NCBITaxon:326669	NCBITaxon:2487000	chebi_origins,lotus
NCBITaxon:327567	NCBITaxon:2530190	lotus
NCBITaxon:328575	NCBITaxon:760133	lotus
NCBITaxon:329018	NCBITaxon:2831954	chebi_origins,lotus
NCBITaxon:329525	NCBITaxon:33900	lotus
NCBITaxon:330533	NCBITaxon:2587414	lotus
NCBITaxon:333310	NCBITaxon:3621	chebi_origins
NCBITaxon:333317	NCBITaxon:2723817	lotus
NCBITaxon:335058	NCBITaxon:93681	lotus
NCBITaxon:341553	NCBITaxon:68761	lotus
NCBITaxon:354014	NCBITaxon:353920	lotus
NCBITaxon:354415	NCBITaxon:58976	lotus
NCBITaxon:354417	NCBITaxon:501383	lotus
NCBITaxon:359879	NCBITaxon:313684	lotus
NCBITaxon:360603	NCBITaxon:2077170	lotus
NCBITaxon:360988	NCBITaxon:3286427	lotus
NCBITaxon:362645	NCBITaxon:3028044	lotus
NCBITaxon:362815	NCBITaxon:1529958	lotus
NCBITaxon:362816	NCBITaxon:248342	lotus
NCBITaxon:367768	NCBITaxon:2759717	lotus
NCBITaxon:369011	NCBITaxon:2977363	lotus
NCBITaxon:376184	NCBITaxon:2981537	lotus
NCBITaxon:387284	NCBITaxon:161829	chebi_origins,lotus
NCBITaxon:388663	NCBITaxon:1811924	lotus
NCBITaxon:394425	NCBITaxon:2016671	lotus
NCBITaxon:395377	NCBITaxon:286222	lotus
NCBITaxon:399530	NCBITaxon:2748578	chebi_origins,lotus
NCBITaxon:404572	NCBITaxon:1780398	lotus
NCBITaxon:418522	NCBITaxon:146035	lotus
NCBITaxon:429499	NCBITaxon:141622	lotus
NCBITaxon:429536	NCBITaxon:2912551	chebi_origins,lotus
NCBITaxon:442961	NCBITaxon:182019	lotus
NCBITaxon:443892	NCBITaxon:3049441	lotus
NCBITaxon:445258	NCBITaxon:71874	chebi_origins,lotus
NCBITaxon:448389	NCBITaxon:172966	lotus
NCBITaxon:450050	NCBITaxon:149645	lotus
NCBITaxon:458338	NCBITaxon:1888378	lotus
NCBITaxon:461223	NCBITaxon:1743254	lotus
NCBITaxon:463665	NCBITaxon:2895647	lotus
NCBITaxon:464399	NCBITaxon:3286368	lotus
NCBITaxon:469282	NCBITaxon:1549217	chebi_origins
NCBITaxon:478866	NCBITaxon:2932460	lotus
NCBITaxon:480092	NCBITaxon:1679403	chebi_origins,lotus
NCBITaxon:482479	NCBITaxon:1120086	lotus
NCBITaxon:483159	NCBITaxon:2829801	chebi_origins
NCBITaxon:483837	NCBITaxon:2511971	lotus
NCBITaxon:484172	NCBITaxon:82017	chebi_origins
NCBITaxon:489862	NCBITaxon:86685	lotus
NCBITaxon:491192	NCBITaxon:3151635	lotus
NCBITaxon:497295	NCBITaxon:395286	lotus
NCBITaxon:502130	NCBITaxon:1932322	lotus
NCBITaxon:508272	NCBITaxon:2086526	lotus
NCBITaxon:509205	NCBITaxon:5599	chebi_origins
NCBITaxon:516045	NCBITaxon:2930495	lotus
NCBITaxon:516709	NCBITaxon:1892802	lotus
NCBITaxon:519505	NCBITaxon:2035324	lotus
NCBITaxon:522279	NCBITaxon:2780564	lotus
NCBITaxon:531950	NCBITaxon:1437453	chebi_origins
NCBITaxon:537824	NCBITaxon:280633	lotus
NCBITaxon:537831	NCBITaxon:1112837	lotus
NCBITaxon:544674	NCBITaxon:283120	chebi_origins,lotus
NCBITaxon:553056	NCBITaxon:3097545	lotus
NCBITaxon:558490	NCBITaxon:3070615	lotus
NCBITaxon:565971	NCBITaxon:37494	chebi_origins,lotus
NCBITaxon:581188	NCBITaxon:267679	chebi_origins,lotus
NCBITaxon:582799	NCBITaxon:2909144	chebi_origins,lotus
NCBITaxon:588651	NCBITaxon:1163757	lotus
NCBITaxon:593583	NCBITaxon:279624	lotus
NCBITaxon:594002	NCBITaxon:2169404	lotus
NCBITaxon:595333	NCBITaxon:1754164	lotus
NCBITaxon:595379	NCBITaxon:344319	lotus
NCBITaxon:612491	NCBITaxon:3412673	lotus
NCBITaxon:640603	NCBITaxon:2030664	lotus
NCBITaxon:668251	NCBITaxon:335854	lotus
NCBITaxon:668396	NCBITaxon:3286350	lotus
NCBITaxon:668403	NCBITaxon:3286359	lotus
NCBITaxon:668409	NCBITaxon:3286369	lotus
NCBITaxon:668414	NCBITaxon:3286376	lotus
NCBITaxon:668428	NCBITaxon:3286393	lotus
NCBITaxon:668429	NCBITaxon:3286394	lotus
NCBITaxon:668447	NCBITaxon:3286413	lotus
NCBITaxon:668462	NCBITaxon:3286435	lotus
NCBITaxon:668468	NCBITaxon:3286442	lotus
NCBITaxon:668469	NCBITaxon:3286443	lotus
NCBITaxon:668470	NCBITaxon:3286444	chebi_origins,lotus
NCBITaxon:668472	NCBITaxon:3286446	lotus
NCBITaxon:668482	NCBITaxon:3286459	lotus
NCBITaxon:668492	NCBITaxon:3286469	lotus
NCBITaxon:668493	NCBITaxon:3286471	lotus
NCBITaxon:668525	NCBITaxon:3286402	lotus
NCBITaxon:669659	NCBITaxon:2962500	lotus
NCBITaxon:684045	NCBITaxon:2907106	lotus
NCBITaxon:694396	NCBITaxon:1081577	lotus
NCBITaxon:700582	NCBITaxon:309013	lotus
NCBITaxon:702085	NCBITaxon:3435	lotus
NCBITaxon:717491	NCBITaxon:2720589	lotus
NCBITaxon:718014	NCBITaxon:37483	mibig
NCBITaxon:741638	NCBITaxon:3122715	lotus
NCBITaxon:748371	NCBITaxon:5062	lotus
NCBITaxon:749588	NCBITaxon:55170	lotus
NCBITaxon:768854	NCBITaxon:336042	lotus
NCBITaxon:797117	NCBITaxon:1961130	lotus
NCBITaxon:857495	NCBITaxon:509004	chebi_origins
NCBITaxon:859398	NCBITaxon:1366484	lotus
NCBITaxon:860712	NCBITaxon:2650045	lotus
NCBITaxon:865929	NCBITaxon:3288906	lotus
NCBITaxon:870205	NCBITaxon:1531356	lotus
NCBITaxon:871995	NCBITaxon:80913	lotus
NCBITaxon:872353	NCBITaxon:334235	lotus
NCBITaxon:881605	NCBITaxon:2592285	lotus
NCBITaxon:904585	NCBITaxon:281172	lotus
NCBITaxon:927753	NCBITaxon:642297	lotus
NCBITaxon:931930	NCBITaxon:182333	chebi_origins,lotus
NCBITaxon:940863	NCBITaxon:2873477	lotus
NCBITaxon:941763	NCBITaxon:941762	lotus
NCBITaxon:986244	NCBITaxon:2910975	lotus
NCBITaxon:992807	NCBITaxon:2780416	lotus
NCBITaxon:992848	NCBITaxon:246516	lotus
NCBITaxon:993650	NCBITaxon:137887	chebi_origins
NCBITaxon:1000424	NCBITaxon:52477	chebi_origins
NCBITaxon:1000427	NCBITaxon:193300	lotus
NCBITaxon:1031565	NCBITaxon:3054372	lotus
NCBITaxon:1031566	NCBITaxon:3054370	lotus
NCBITaxon:1036809	NCBITaxon:2724438	lotus
NCBITaxon:1048258	NCBITaxon:2986840	lotus
NCBITaxon:1048892	NCBITaxon:2770833	chebi_origins
NCBITaxon:1050062	NCBITaxon:497265	lotus
NCBITaxon:1055101	NCBITaxon:28258	lotus
NCBITaxon:1077933	NCBITaxon:310241	lotus
NCBITaxon:1094051	NCBITaxon:225779	lotus
NCBITaxon:1111056	NCBITaxon:2706187	lotus
NCBITaxon:1133551	NCBITaxon:2706189	lotus
NCBITaxon:1140085	NCBITaxon:2841586	lotus
NCBITaxon:1148790	NCBITaxon:2725244	lotus
NCBITaxon:1155363	NCBITaxon:3002674	lotus
NCBITaxon:1155369	NCBITaxon:36606	lotus
NCBITaxon:1160564	NCBITaxon:40000	lotus
NCBITaxon:1162023	NCBITaxon:2747961	lotus
NCBITaxon:1162777	NCBITaxon:2604249	lotus
NCBITaxon:1162817	NCBITaxon:515241	chebi_origins,lotus
NCBITaxon:1174790	NCBITaxon:2528873	lotus
NCBITaxon:1195597	NCBITaxon:1195128	lotus
NCBITaxon:1205788	NCBITaxon:259415	lotus
NCBITaxon:1207289	NCBITaxon:632928	lotus
NCBITaxon:1211466	NCBITaxon:212787	lotus
NCBITaxon:1217263	NCBITaxon:1053376	lotus
NCBITaxon:1219355	NCBITaxon:2942076	lotus
NCBITaxon:1231245	NCBITaxon:3085942	lotus
NCBITaxon:1231255	NCBITaxon:46423	lotus
NCBITaxon:1234189	NCBITaxon:1867339	lotus
NCBITaxon:1237406	NCBITaxon:153577	lotus
NCBITaxon:1247109	NCBITaxon:1288082	chebi_origins
NCBITaxon:1249052	NCBITaxon:2506376	lotus
NCBITaxon:1288024	NCBITaxon:172200	lotus
NCBITaxon:1290243	NCBITaxon:1695124	lotus
NCBITaxon:1290244	NCBITaxon:1695141	lotus
NCBITaxon:1297592	NCBITaxon:5076	lotus
NCBITaxon:1312798	NCBITaxon:1929421	lotus
NCBITaxon:1317870	NCBITaxon:2806806	lotus
NCBITaxon:1343377	NCBITaxon:64494	lotus
NCBITaxon:1351879	NCBITaxon:3286336	lotus
NCBITaxon:1353996	NCBITaxon:2894414	lotus
NCBITaxon:1389403	NCBITaxon:2782336	lotus
NCBITaxon:1414448	NCBITaxon:128442	lotus
NCBITaxon:1435489	NCBITaxon:203758	lotus
NCBITaxon:1462558	NCBITaxon:1679753	chebi_origins
NCBITaxon:1475459	NCBITaxon:2839962	lotus
NCBITaxon:1479502	NCBITaxon:109374	chebi_origins,lotus
NCBITaxon:1490225	NCBITaxon:686309	lotus
NCBITaxon:1504429	NCBITaxon:2731603	lotus
NCBITaxon:1504478	NCBITaxon:1504475	lotus
NCBITaxon:1527754	NCBITaxon:693685	lotus
NCBITaxon:1527756	NCBITaxon:280827	lotus
NCBITaxon:1533280	NCBITaxon:203897	lotus
NCBITaxon:1536650	NCBITaxon:3073917	lotus
NCBITaxon:1547544	NCBITaxon:1892770	chebi_origins,lotus
NCBITaxon:1548132	NCBITaxon:366670	lotus
NCBITaxon:1550033	NCBITaxon:285564	mibig
NCBITaxon:1559982	NCBITaxon:1912	mibig
NCBITaxon:1564685	NCBITaxon:336663	lotus
NCBITaxon:1574106	NCBITaxon:168508	lotus
NCBITaxon:1580144	NCBITaxon:2613482	lotus
NCBITaxon:1582468	NCBITaxon:2109287	lotus
NCBITaxon:1611469	NCBITaxon:263734	lotus
NCBITaxon:1712203	NCBITaxon:509005	lotus
NCBITaxon:1764323	NCBITaxon:2761210	lotus
NCBITaxon:1764327	NCBITaxon:2761213	lotus
NCBITaxon:1826902	NCBITaxon:2873749	lotus
NCBITaxon:1842049	NCBITaxon:2659272	lotus
NCBITaxon:1844648	NCBITaxon:2592283	chebi_origins
NCBITaxon:1887435	NCBITaxon:3038288	lotus
NCBITaxon:1898885	NCBITaxon:2731602	lotus
NCBITaxon:1899180	NCBITaxon:459127	lotus
NCBITaxon:1903236	NCBITaxon:2844931	lotus
NCBITaxon:1909303	NCBITaxon:1971397	chebi_origins
NCBITaxon:1915400	NCBITaxon:67332	lotus
NCBITaxon:1925546	NCBITaxon:174549	lotus
NCBITaxon:1929477	NCBITaxon:92644	lotus
NCBITaxon:1934112	NCBITaxon:125259	chebi_origins
NCBITaxon:1937655	NCBITaxon:2695822	lotus
NCBITaxon:1958867	NCBITaxon:2884777	lotus
NCBITaxon:1969916	NCBITaxon:5639	lotus
NCBITaxon:1980673	NCBITaxon:1143127	lotus
NCBITaxon:2016381	NCBITaxon:146777	lotus
NCBITaxon:2029233	NCBITaxon:415161	lotus
NCBITaxon:2038541	NCBITaxon:2899643	lotus
NCBITaxon:2058685	NCBITaxon:3020926	lotus
NCBITaxon:2074862	NCBITaxon:71918	chebi_origins
NCBITaxon:2075171	NCBITaxon:3412472	chebi_origins,lotus
NCBITaxon:2075257	NCBITaxon:285113	lotus
NCBITaxon:2075352	NCBITaxon:255439	lotus
NCBITaxon:2077188	NCBITaxon:2012193	chebi_origins
NCBITaxon:2082038	NCBITaxon:192364	lotus
NCBITaxon:2094184	NCBITaxon:74648	lotus
NCBITaxon:2115984	NCBITaxon:2906034	lotus
NCBITaxon:2116407	NCBITaxon:525237	lotus
NCBITaxon:2126647	NCBITaxon:1500521	lotus
NCBITaxon:2171618	NCBITaxon:29159	lotus
NCBITaxon:2293352	NCBITaxon:2739801	lotus
NCBITaxon:2306627	NCBITaxon:911171	lotus
NCBITaxon:2338973	NCBITaxon:91121	lotus
NCBITaxon:2485412	NCBITaxon:204185	lotus
NCBITaxon:2494290	NCBITaxon:204134	lotus
NCBITaxon:2495777	NCBITaxon:2163390	lotus
NCBITaxon:2508388	NCBITaxon:2008661	lotus
NCBITaxon:2508778	NCBITaxon:209559	chebi_origins,lotus
NCBITaxon:2570265	NCBITaxon:304141	lotus
NCBITaxon:2583488	NCBITaxon:2979956	lotus
NCBITaxon:2588154	NCBITaxon:3085926	lotus
NCBITaxon:2604253	NCBITaxon:942654	lotus
NCBITaxon:2607317	NCBITaxon:381684	lotus
NCBITaxon:2608753	NCBITaxon:54899	lotus
NCBITaxon:2650355	NCBITaxon:2904146	lotus
NCBITaxon:2724336	NCBITaxon:36070	lotus
NCBITaxon:2725002	NCBITaxon:48562	chebi_origins,lotus
NCBITaxon:2770824	NCBITaxon:99448	lotus
NCBITaxon:2783874	NCBITaxon:202097	lotus
NCBITaxon:2803357	NCBITaxon:318064	lotus
NCBITaxon:2803933	NCBITaxon:434645	lotus
NCBITaxon:2816102	NCBITaxon:1735431	lotus
NCBITaxon:2849061	NCBITaxon:590108	lotus
NCBITaxon:2864184	NCBITaxon:66468	lotus
NCBITaxon:2894177	NCBITaxon:378924	lotus
NCBITaxon:2977910	NCBITaxon:39534	lotus
